timestamp,kW
2025-01-01 00:00:00,0.4459679748017155
2025-01-01 00:01:00,0.521211175602331
2025-01-01 00:02:00,0.5213101596828852
2025-01-01 00:03:00,0.4972876664471553
2025-01-01 00:04:00,0.586183139808534
2025-01-01 00:05:00,0.5082483854522232
2025-01-01 00:06:00,0.5553709032250261
2025-01-01 00:07:00,0.6059342301955675
2025-01-01 00:08:00,0.463857802465424
2025-01-01 00:09:00,0.433457953142076
2025-01-01 00:10:00,0.5617766146994104
2025-01-01 00:11:00,0.5360937268990067
2025-01-01 00:12:00,0.47672789140378397
2025-01-01 00:13:00,0.5559408282794507
2025-01-01 00:14:00,0.5975089614547076
2025-01-01 00:15:00,0.5475092520549665
2025-01-01 00:16:00,0.537200840097975
2025-01-01 00:17:00,0.6200652597697758
2025-01-01 00:18:00,0.5666037414378824
2025-01-01 00:19:00,0.5392414229523532
2025-01-01 00:20:00,0.46945408490557156
2025-01-01 00:21:00,0.4918261153868471
2025-01-01 00:22:00,0.5645631655993126
2025-01-01 00:23:00,0.5380544299558683
2025-01-01 00:24:00,0.5433799648837276
2025-01-01 00:25:00,0.5580347017270468
2025-01-01 00:26:00,0.47731349758016417
2025-01-01 00:27:00,0.5412224465097547
2025-01-01 00:28:00,0.6404593811706949
2025-01-01 00:29:00,0.6269638578719576
2025-01-01 00:30:00,0.5628164808130782
2025-01-01 00:31:00,0.609425436536852
2025-01-01 00:32:00,0.5348782164679478
2025-01-01 00:33:00,0.5919107778521887
2025-01-01 00:34:00,0.6067652191189998
2025-01-01 00:35:00,0.5760302314300769
2025-01-01 00:36:00,0.631385704585858
2025-01-01 00:37:00,0.5285014650131324
2025-01-01 00:38:00,0.580678003123783
2025-01-01 00:39:00,0.5507491390602767
2025-01-01 00:40:00,0.5888144975832348
2025-01-01 00:41:00,0.6219298139150938
2025-01-01 00:42:00,0.5424770668837001
2025-01-01 00:43:00,0.4976744818501426
2025-01-01 00:44:00,0.6094189744844684
2025-01-01 00:45:00,0.5680660179191355
2025-01-01 00:46:00,0.5983867489267717
2025-01-01 00:47:00,0.6004337866040768
2025-01-01 00:48:00,0.5460133600659954
2025-01-01 00:49:00,0.49395182126893594
2025-01-01 00:50:00,0.5416657583208659
2025-01-01 00:51:00,0.5601946366772836
2025-01-01 00:52:00,0.5346702360654132
2025-01-01 00:53:00,0.6018734754848082
2025-01-01 00:54:00,0.6124404025704808
2025-01-01 00:55:00,0.5053976841384303
2025-01-01 00:56:00,0.5231462872539292
2025-01-01 00:57:00,0.554485379361474
2025-01-01 00:58:00,0.542403742264243
2025-01-01 00:59:00,0.6850733782514509
2025-01-01 01:00:00,0.5040749871777845
2025-01-01 01:01:00,0.5625903327228352
2025-01-01 01:02:00,0.7059891533235172
2025-01-01 01:03:00,0.5680922939646372
2025-01-01 01:04:00,0.44973741995648275
2025-01-01 01:05:00,0.6638406341162565
2025-01-01 01:06:00,0.5546897768715656
2025-01-01 01:07:00,0.5805343520572191
2025-01-01 01:08:00,0.486920265776975
2025-01-01 01:09:00,0.5470374107495879
2025-01-01 01:10:00,0.5906646985910358
2025-01-01 01:11:00,0.5567822785846054
2025-01-01 01:12:00,0.5512976709855935
2025-01-01 01:13:00,0.6199357685647194
2025-01-01 01:14:00,0.4842222398113098
2025-01-01 01:15:00,0.5608256387551868
2025-01-01 01:16:00,0.5856610158481127
2025-01-01 01:17:00,0.5409806537793281
2025-01-01 01:18:00,0.6463694187118337
2025-01-01 01:19:00,0.6607604452279031
2025-01-01 01:20:00,0.6412773747132434
2025-01-01 01:21:00,0.6192407493074766
2025-01-01 01:22:00,0.7395568670888778
2025-01-01 01:23:00,0.6404408903868661
2025-01-01 01:24:00,0.5788600720861881
2025-01-01 01:25:00,0.6310841089395602
2025-01-01 01:26:00,0.6410984151374391
2025-01-01 01:27:00,0.5380963435781219
2025-01-01 01:28:00,0.5696950950226625
2025-01-01 01:29:00,0.5786144064572838
2025-01-01 01:30:00,0.6159558710499303
2025-01-01 01:31:00,0.6399637254063337
2025-01-01 01:32:00,0.5160051843434706
2025-01-01 01:33:00,0.6070976552679637
2025-01-01 01:34:00,0.5473068455617132
2025-01-01 01:35:00,0.6211649522039777
2025-01-01 01:36:00,0.6855020052601446
2025-01-01 01:37:00,0.6553420730062162
2025-01-01 01:38:00,0.6152557862953336
2025-01-01 01:39:00,0.658452536529976
2025-01-01 01:40:00,0.6115016979701526
2025-01-01 01:41:00,0.5764116672640354
2025-01-01 01:42:00,0.6374695097351244
2025-01-01 01:43:00,0.6891543649774037
2025-01-01 01:44:00,0.6613584185651784
2025-01-01 01:45:00,0.5702663425110528
2025-01-01 01:46:00,0.6186055568404816
2025-01-01 01:47:00,0.679973111681397
2025-01-01 01:48:00,0.6637369941166128
2025-01-01 01:49:00,0.613465333081484
2025-01-01 01:50:00,0.6063229384161783
2025-01-01 01:51:00,0.6530131298002761
2025-01-01 01:52:00,0.658710157598676
2025-01-01 01:53:00,0.6256964875292178
2025-01-01 01:54:00,0.7059917246934658
2025-01-01 01:55:00,0.7356124280940362
2025-01-01 01:56:00,0.6010659255059806
2025-01-01 01:57:00,0.6974204211901824
2025-01-01 01:58:00,0.7036662560616288
2025-01-01 01:59:00,0.5938371210967214
2025-01-01 02:00:00,0.5865324820836316
2025-01-01 02:01:00,0.6603311669416518
2025-01-01 02:02:00,0.638801278724704
2025-01-01 02:03:00,0.6316163106435192
2025-01-01 02:04:00,0.6043535708785416
2025-01-01 02:05:00,0.6964728540186057
2025-01-01 02:06:00,0.6381247766180128
2025-01-01 02:07:00,0.6863411703125732
2025-01-01 02:08:00,0.6464533368318599
2025-01-01 02:09:00,0.5801396560775204
2025-01-01 02:10:00,0.6651769063509639
2025-01-01 02:11:00,0.6223876039016403
2025-01-01 02:12:00,0.7116486454212587
2025-01-01 02:13:00,0.6128254061551782
2025-01-01 02:14:00,0.5789262997293684
2025-01-01 02:15:00,0.6552663163607301
2025-01-01 02:16:00,0.5707757710989151
2025-01-01 02:17:00,0.7659526812836771
2025-01-01 02:18:00,0.6856417674262852
2025-01-01 02:19:00,0.7731180630322565
2025-01-01 02:20:00,0.6146495798416353
2025-01-01 02:21:00,0.6899571080199837
2025-01-01 02:22:00,0.6015917179090998
2025-01-01 02:23:00,0.6229700107891578
2025-01-01 02:24:00,0.6360251771797897
2025-01-01 02:25:00,0.7598174856798192
2025-01-01 02:26:00,0.6419193941601153
2025-01-01 02:27:00,0.735787147420355
2025-01-01 02:28:00,0.725506106245976
2025-01-01 02:29:00,0.6602122049191769
2025-01-01 02:30:00,0.665064902723444
2025-01-01 02:31:00,0.6354453635439058
2025-01-01 02:32:00,0.6830753511196791
2025-01-01 02:33:00,0.7769474323491895
2025-01-01 02:34:00,0.7223283760911724
2025-01-01 02:35:00,0.7328659866714478
2025-01-01 02:36:00,0.7043460117758912
2025-01-01 02:37:00,0.6722789462911658
2025-01-01 02:38:00,0.7499492304278386
2025-01-01 02:39:00,0.7199439995552884
2025-01-01 02:40:00,0.701571053793245
2025-01-01 02:41:00,0.6816650106822469
2025-01-01 02:42:00,0.7439985621665729
2025-01-01 02:43:00,0.7374604033339441
2025-01-01 02:44:00,0.6711168726062223
2025-01-01 02:45:00,0.7799825739623972
2025-01-01 02:46:00,0.7056970276685857
2025-01-01 02:47:00,0.6675328318393678
2025-01-01 02:48:00,0.704166663539198
2025-01-01 02:49:00,0.6379845849939756
2025-01-01 02:50:00,0.5948955745552589
2025-01-01 02:51:00,0.6427074890299814
2025-01-01 02:52:00,0.6888707005991637
2025-01-01 02:53:00,0.6219504534026323
2025-01-01 02:54:00,0.7120788909547189
2025-01-01 02:55:00,0.7841849322783448
2025-01-01 02:56:00,0.6624134406667973
2025-01-01 02:57:00,0.7056002732468478
2025-01-01 02:58:00,0.7519492811657106
2025-01-01 02:59:00,0.6846134839274276
2025-01-01 03:00:00,0.7550282361351128
2025-01-01 03:01:00,0.7274662212992804
2025-01-01 03:02:00,0.7166591316685357
2025-01-01 03:03:00,0.758790940091408
2025-01-01 03:04:00,0.7232348334512846
2025-01-01 03:05:00,0.7528526175008233
2025-01-01 03:06:00,0.7196249843317769
2025-01-01 03:07:00,0.7158558213045104
2025-01-01 03:08:00,0.7830809023707092
2025-01-01 03:09:00,0.6936696025569828
2025-01-01 03:10:00,0.6771157042840543
2025-01-01 03:11:00,0.7515898524860295
2025-01-01 03:12:00,0.6221944251470068
2025-01-01 03:13:00,0.7046254015521194
2025-01-01 03:14:00,0.7851909421199766
2025-01-01 03:15:00,0.7111094172548371
2025-01-01 03:16:00,0.6786319968458497
2025-01-01 03:17:00,0.7498045130504138
2025-01-01 03:18:00,0.8455986444151461
2025-01-01 03:19:00,0.7374776587890698
2025-01-01 03:20:00,0.7215630774294549
2025-01-01 03:21:00,0.7229697429114584
2025-01-01 03:22:00,0.8886354202317461
2025-01-01 03:23:00,0.7623086108784084
2025-01-01 03:24:00,0.7234720292395403
2025-01-01 03:25:00,0.6875710478092261
2025-01-01 03:26:00,0.7316311064945945
2025-01-01 03:27:00,0.7324679653465032
2025-01-01 03:28:00,0.7511107370663697
2025-01-01 03:29:00,0.6179591430843909
2025-01-01 03:30:00,0.6771667208964641
2025-01-01 03:31:00,0.7630501725123995
2025-01-01 03:32:00,0.7746060513225869
2025-01-01 03:33:00,0.7094482306085275
2025-01-01 03:34:00,0.736636992221579
2025-01-01 03:35:00,0.7093412712620776
2025-01-01 03:36:00,0.7296474868014184
2025-01-01 03:37:00,0.6879328778719347
2025-01-01 03:38:00,0.7154803805284301
2025-01-01 03:39:00,0.7070417346741958
2025-01-01 03:40:00,0.7257316907090491
2025-01-01 03:41:00,0.7771798339789904
2025-01-01 03:42:00,0.8455530715566687
2025-01-01 03:43:00,0.7274361650881385
2025-01-01 03:44:00,0.7557963582932649
2025-01-01 03:45:00,0.7361998149416498
2025-01-01 03:46:00,0.8087988363768059
2025-01-01 03:47:00,0.6682205167570114
2025-01-01 03:48:00,0.7430836876839014
2025-01-01 03:49:00,0.8105485539062532
2025-01-01 03:50:00,0.7666181696109733
2025-01-01 03:51:00,0.7458612801659903
2025-01-01 03:52:00,0.7464558395416828
2025-01-01 03:53:00,0.7125923828133841
2025-01-01 03:54:00,0.7895582953004894
2025-01-01 03:55:00,0.7952029820679302
2025-01-01 03:56:00,0.8055009656368457
2025-01-01 03:57:00,0.7246411550786118
2025-01-01 03:58:00,0.7254016132086343
2025-01-01 03:59:00,0.8493897599718151
2025-01-01 04:00:00,0.6684152176439395
2025-01-01 04:01:00,0.7916485945259224
2025-01-01 04:02:00,0.8460395195572321
2025-01-01 04:03:00,0.766457959136317
2025-01-01 04:04:00,0.7911125202491726
2025-01-01 04:05:00,0.6418520459735324
2025-01-01 04:06:00,0.7845874121566057
2025-01-01 04:07:00,0.7398486021078717
2025-01-01 04:08:00,0.7986808801013388
2025-01-01 04:09:00,0.8016808408139761
2025-01-01 04:10:00,0.6889253130738298
2025-01-01 04:11:00,0.7360004270287266
2025-01-01 04:12:00,0.7391564017888481
2025-01-01 04:13:00,0.8174704625676401
2025-01-01 04:14:00,0.751611506600832
2025-01-01 04:15:00,0.7637333995347346
2025-01-01 04:16:00,0.7586702033440157
2025-01-01 04:17:00,0.7293083713956825
2025-01-01 04:18:00,0.7406104748995123
2025-01-01 04:19:00,0.8403433290532812
2025-01-01 04:20:00,0.749015121705714
2025-01-01 04:21:00,0.736204962648661
2025-01-01 04:22:00,0.6820006146681763
2025-01-01 04:23:00,0.7848399413197285
2025-01-01 04:24:00,0.7595373999528489
2025-01-01 04:25:00,0.8067192474380334
2025-01-01 04:26:00,0.7264282916759681
2025-01-01 04:27:00,0.7589847246253683
2025-01-01 04:28:00,0.7236208452530161
2025-01-01 04:29:00,0.7470214078143507
2025-01-01 04:30:00,0.81664381916862
2025-01-01 04:31:00,0.8349645961911158
2025-01-01 04:32:00,0.7440060349721201
2025-01-01 04:33:00,0.7888400871079343
2025-01-01 04:34:00,0.7818463460874074
2025-01-01 04:35:00,0.7566173024678702
2025-01-01 04:36:00,0.7551706792096575
2025-01-01 04:37:00,0.797364647579073
2025-01-01 04:38:00,0.7466718115555694
2025-01-01 04:39:00,0.6885859414772169
2025-01-01 04:40:00,0.7988418128131156
2025-01-01 04:41:00,0.7847063504415045
2025-01-01 04:42:00,0.7261215796269376
2025-01-01 04:43:00,0.7627412510999044
2025-01-01 04:44:00,0.775466960504641
2025-01-01 04:45:00,0.7987000458412391
2025-01-01 04:46:00,0.784416420143115
2025-01-01 04:47:00,0.8276957633614375
2025-01-01 04:48:00,0.8173045454699585
2025-01-01 04:49:00,0.7987634833355312
2025-01-01 04:50:00,0.8024418197420319
2025-01-01 04:51:00,0.774768684009301
2025-01-01 04:52:00,0.771206536428035
2025-01-01 04:53:00,0.8209153831093798
2025-01-01 04:54:00,0.8326906122636437
2025-01-01 04:55:00,0.7891925266498145
2025-01-01 04:56:00,0.8071009754254551
2025-01-01 04:57:00,0.8219295898217405
2025-01-01 04:58:00,0.7855443597681254
2025-01-01 04:59:00,0.8162107287275504
2025-01-01 05:00:00,0.718327484305154
2025-01-01 05:01:00,0.7683958145391488
2025-01-01 05:02:00,0.7843607098809848
2025-01-01 05:03:00,0.6533542656435586
2025-01-01 05:04:00,0.7627381458803841
2025-01-01 05:05:00,0.7539019190845584
2025-01-01 05:06:00,0.8107405838860786
2025-01-01 05:07:00,0.7820575490837883
2025-01-01 05:08:00,0.8472721244193369
2025-01-01 05:09:00,0.6795641850818381
2025-01-01 05:10:00,0.7565625456153597
2025-01-01 05:11:00,0.7951570645416894
2025-01-01 05:12:00,0.8457997761773135
2025-01-01 05:13:00,0.8151804078587581
2025-01-01 05:14:00,0.7396081921138284
2025-01-01 05:15:00,0.7387384221239963
2025-01-01 05:16:00,0.8085703015047656
2025-01-01 05:17:00,0.7935712810759401
2025-01-01 05:18:00,0.7676285554411341
2025-01-01 05:19:00,0.734836869635684
2025-01-01 05:20:00,0.8006241095467611
2025-01-01 05:21:00,0.8744601264376868
2025-01-01 05:22:00,0.7857838058806912
2025-01-01 05:23:00,0.7436454206638444
2025-01-01 05:24:00,0.8032005334289616
2025-01-01 05:25:00,0.7583004683015172
2025-01-01 05:26:00,0.7260544524275937
2025-01-01 05:27:00,0.7896385884466645
2025-01-01 05:28:00,0.7619713001281279
2025-01-01 05:29:00,0.7523933541556588
2025-01-01 05:30:00,0.7883835761201522
2025-01-01 05:31:00,0.716459030451511
2025-01-01 05:32:00,0.8146601509573601
2025-01-01 05:33:00,0.779573173892844
2025-01-01 05:34:00,0.7536226079130728
2025-01-01 05:35:00,0.7557143588262714
2025-01-01 05:36:00,0.7845644666100798
2025-01-01 05:37:00,0.7964637651712142
2025-01-01 05:38:00,0.7856020637985038
2025-01-01 05:39:00,0.7740047145227094
2025-01-01 05:40:00,0.8603650620768033
2025-01-01 05:41:00,0.7738120052676949
2025-01-01 05:42:00,0.8223665407366485
2025-01-01 05:43:00,0.7886069704056863
2025-01-01 05:44:00,0.7734617444775502
2025-01-01 05:45:00,0.817368849281482
2025-01-01 05:46:00,0.8140183376416676
2025-01-01 05:47:00,0.7410163943143853
2025-01-01 05:48:00,0.7734982419241108
2025-01-01 05:49:00,0.8614815276027238
2025-01-01 05:50:00,0.8283399984023483
2025-01-01 05:51:00,0.7497017831748042
2025-01-01 05:52:00,0.849729835958949
2025-01-01 05:53:00,0.7424269881582053
2025-01-01 05:54:00,0.7588004514366964
2025-01-01 05:55:00,0.7782846081262639
2025-01-01 05:56:00,0.7827969535731627
2025-01-01 05:57:00,0.8324466424422975
2025-01-01 05:58:00,0.7746715439160565
2025-01-01 05:59:00,0.7844018301520848
2025-01-01 06:00:00,0.7163886766380496
2025-01-01 06:01:00,0.7353139047883951
2025-01-01 06:02:00,0.7887549116817065
2025-01-01 06:03:00,0.8185155305214291
2025-01-01 06:04:00,0.8306431375214647
2025-01-01 06:05:00,0.8140710711113113
2025-01-01 06:06:00,0.7357003340071351
2025-01-01 06:07:00,0.9191513174158377
2025-01-01 06:08:00,0.7915465423785935
2025-01-01 06:09:00,0.7960095695388958
2025-01-01 06:10:00,0.7881199990688266
2025-01-01 06:11:00,0.8996233792182209
2025-01-01 06:12:00,0.8451426062763796
2025-01-01 06:13:00,0.8399919571745201
2025-01-01 06:14:00,0.8853800840668619
2025-01-01 06:15:00,0.7748340174757564
2025-01-01 06:16:00,0.8112713997473375
2025-01-01 06:17:00,0.8800798748550077
2025-01-01 06:18:00,0.7412515340796075
2025-01-01 06:19:00,0.7050561655145464
2025-01-01 06:20:00,0.741707472308644
2025-01-01 06:21:00,0.830197705193508
2025-01-01 06:22:00,0.8029117474861338
2025-01-01 06:23:00,0.8474280363075188
2025-01-01 06:24:00,0.7297358633015384
2025-01-01 06:25:00,0.7297888227129476
2025-01-01 06:26:00,0.8215613695171465
2025-01-01 06:27:00,0.8288783822356014
2025-01-01 06:28:00,0.8985291823764675
2025-01-01 06:29:00,0.7613890132649505
2025-01-01 06:30:00,0.8877923462140735
2025-01-01 06:31:00,0.7338110199994916
2025-01-01 06:32:00,0.8545920644919703
2025-01-01 06:33:00,0.7469882360687944
2025-01-01 06:34:00,0.8002363342755909
2025-01-01 06:35:00,0.7324407605552918
2025-01-01 06:36:00,0.772366917441809
2025-01-01 06:37:00,0.7375152218268487
2025-01-01 06:38:00,0.7891725371760435
2025-01-01 06:39:00,0.7624717840483911
2025-01-01 06:40:00,0.839909255900859
2025-01-01 06:41:00,0.8249315570158743
2025-01-01 06:42:00,0.7725997996705259
2025-01-01 06:43:00,0.7205699326290432
2025-01-01 06:44:00,0.8460762534655527
2025-01-01 06:45:00,0.7728438605682318
2025-01-01 06:46:00,0.8164812181805537
2025-01-01 06:47:00,0.8520530546052105
2025-01-01 06:48:00,0.7023603046572853
2025-01-01 06:49:00,0.8338417505143766
2025-01-01 06:50:00,0.7722748084268145
2025-01-01 06:51:00,0.7881545200633068
2025-01-01 06:52:00,0.7595516122205928
2025-01-01 06:53:00,0.756807562984882
2025-01-01 06:54:00,0.8617727741242015
2025-01-01 06:55:00,0.8044871976633703
2025-01-01 06:56:00,0.7611004267427547
2025-01-01 06:57:00,0.8063502229642335
2025-01-01 06:58:00,0.7313485551046167
2025-01-01 06:59:00,0.8088812549926157
2025-01-01 07:00:00,0.749209395552332
2025-01-01 07:01:00,0.7396025107713282
2025-01-01 07:02:00,0.8074683683105716
2025-01-01 07:03:00,0.7688647133945339
2025-01-01 07:04:00,0.6820147591061315
2025-01-01 07:05:00,0.8018150791610179
2025-01-01 07:06:00,0.9062866959671484
2025-01-01 07:07:00,0.737067146135935
2025-01-01 07:08:00,0.7470492829175654
2025-01-01 07:09:00,0.7679327579059916
2025-01-01 07:10:00,0.8008462493984563
2025-01-01 07:11:00,0.773465631377752
2025-01-01 07:12:00,0.7936877589729848
2025-01-01 07:13:00,0.802226806486705
2025-01-01 07:14:00,0.7800002240648922
2025-01-01 07:15:00,0.8178361002790843
2025-01-01 07:16:00,0.7909479383217116
2025-01-01 07:17:00,0.8005472824471146
2025-01-01 07:18:00,0.8429224781129333
2025-01-01 07:19:00,0.7980904793579039
2025-01-01 07:20:00,0.8442550522921627
2025-01-01 07:21:00,0.7907964872966274
2025-01-01 07:22:00,0.7463267353094661
2025-01-01 07:23:00,0.7262562674463638
2025-01-01 07:24:00,0.7965912197547415
2025-01-01 07:25:00,0.8275180244786673
2025-01-01 07:26:00,0.8209548486921115
2025-01-01 07:27:00,0.9061263639877789
2025-01-01 07:28:00,0.8414999796079621
2025-01-01 07:29:00,0.7418258161703588
2025-01-01 07:30:00,0.7875206136867424
2025-01-01 07:31:00,0.7402416474530985
2025-01-01 07:32:00,0.7646646331316954
2025-01-01 07:33:00,0.7089787266229823
2025-01-01 07:34:00,0.7868208984228724
2025-01-01 07:35:00,0.7758389671734748
2025-01-01 07:36:00,0.7238338515073786
2025-01-01 07:37:00,0.7883010373791938
2025-01-01 07:38:00,0.7622236589336807
2025-01-01 07:39:00,0.7971719617575341
2025-01-01 07:40:00,0.8273292046313729
2025-01-01 07:41:00,0.7826115879223187
2025-01-01 07:42:00,0.7699917169193393
2025-01-01 07:43:00,0.8329935483678409
2025-01-01 07:44:00,0.7470179604747895
2025-01-01 07:45:00,0.7359936021080267
2025-01-01 07:46:00,0.8546326623965603
2025-01-01 07:47:00,0.7696823391195052
2025-01-01 07:48:00,0.8154365257748029
2025-01-01 07:49:00,0.6691092074469616
2025-01-01 07:50:00,0.7480008713862364
2025-01-01 07:51:00,0.7987069441528983
2025-01-01 07:52:00,0.7053727512663336
2025-01-01 07:53:00,0.8647438435662271
2025-01-01 07:54:00,0.7230925224791954
2025-01-01 07:55:00,0.8457285421279565
2025-01-01 07:56:00,0.7431731113782262
2025-01-01 07:57:00,0.7978571524929646
2025-01-01 07:58:00,0.7232240097008847
2025-01-01 07:59:00,0.8316074000442043
2025-01-01 08:00:00,0.723792013912076
2025-01-01 08:01:00,0.7765837968227173
2025-01-01 08:02:00,0.7476229916884581
2025-01-01 08:03:00,0.8095255180423572
2025-01-01 08:04:00,0.7740846742986343
2025-01-01 08:05:00,0.7537339003815761
2025-01-01 08:06:00,0.7985004958259386
2025-01-01 08:07:00,0.8095016894909529
2025-01-01 08:08:00,0.7190475350050165
2025-01-01 08:09:00,0.8645354299006103
2025-01-01 08:10:00,0.7355897707128709
2025-01-01 08:11:00,0.7116342016481141
2025-01-01 08:12:00,0.7935437825589292
2025-01-01 08:13:00,0.6981864902325018
2025-01-01 08:14:00,0.813236899816899
2025-01-01 08:15:00,0.8121850518947108
2025-01-01 08:16:00,0.7958297910718474
2025-01-01 08:17:00,0.6146589005854776
2025-01-01 08:18:00,0.8329500697887761
2025-01-01 08:19:00,0.7756613323743882
2025-01-01 08:20:00,0.7192398341044294
2025-01-01 08:21:00,0.7187952631291117
2025-01-01 08:22:00,0.8383553723204543
2025-01-01 08:23:00,0.6567245260352336
2025-01-01 08:24:00,0.7661716274128217
2025-01-01 08:25:00,0.8457719134477125
2025-01-01 08:26:00,0.7253602917111492
2025-01-01 08:27:00,0.6731124223633875
2025-01-01 08:28:00,0.6445506651740175
2025-01-01 08:29:00,0.7644778968813499
2025-01-01 08:30:00,0.75786027543161
2025-01-01 08:31:00,0.7846787356895695
2025-01-01 08:32:00,0.7660862060996768
2025-01-01 08:33:00,0.8018682210223812
2025-01-01 08:34:00,0.6939164368922218
2025-01-01 08:35:00,0.5796819828030133
2025-01-01 08:36:00,0.7114109905540406
2025-01-01 08:37:00,0.6667655581244425
2025-01-01 08:38:00,0.6885696455238837
2025-01-01 08:39:00,0.7081852264357672
2025-01-01 08:40:00,0.6614638936689976
2025-01-01 08:41:00,0.7544833217547189
2025-01-01 08:42:00,0.7316531247493316
2025-01-01 08:43:00,0.7877768770753794
2025-01-01 08:44:00,0.7312740592880672
2025-01-01 08:45:00,0.8273083415852052
2025-01-01 08:46:00,0.7317678670494928
2025-01-01 08:47:00,0.7254252588013003
2025-01-01 08:48:00,0.672251136018627
2025-01-01 08:49:00,0.5676499185867775
2025-01-01 08:50:00,0.7687398073610857
2025-01-01 08:51:00,0.6576426795570361
2025-01-01 08:52:00,0.6820934793579918
2025-01-01 08:53:00,0.6745863950880217
2025-01-01 08:54:00,0.7101648326259452
2025-01-01 08:55:00,0.6601306081249917
2025-01-01 08:56:00,0.646728958009536
2025-01-01 08:57:00,0.7005744466556233
2025-01-01 08:58:00,0.741007494523973
2025-01-01 08:59:00,0.740810060146506
2025-01-01 09:00:00,0.7334267109698087
2025-01-01 09:01:00,0.7271821790658297
2025-01-01 09:02:00,0.6648944226492082
2025-01-01 09:03:00,0.6865640074232114
2025-01-01 09:04:00,0.715075321982748
2025-01-01 09:05:00,0.7071355927283879
2025-01-01 09:06:00,0.5870111654152278
2025-01-01 09:07:00,0.7271856185775043
2025-01-01 09:08:00,0.5841989034813341
2025-01-01 09:09:00,0.7413908400316969
2025-01-01 09:10:00,0.6713236208346305
2025-01-01 09:11:00,0.6500161008070257
2025-01-01 09:12:00,0.7328552280663091
2025-01-01 09:13:00,0.7216378814860519
2025-01-01 09:14:00,0.6846809882113228
2025-01-01 09:15:00,0.71015736195902
2025-01-01 09:16:00,0.6377248766954411
2025-01-01 09:17:00,0.6549146584304298
2025-01-01 09:18:00,0.6814806883044243
2025-01-01 09:19:00,0.694058191634565
2025-01-01 09:20:00,0.7207444011480691
2025-01-01 09:21:00,0.6768587902043228
2025-01-01 09:22:00,0.7173904653159607
2025-01-01 09:23:00,0.6866832957977657
2025-01-01 09:24:00,0.7584585365578943
2025-01-01 09:25:00,0.6994939467593054
2025-01-01 09:26:00,0.6758744158511526
2025-01-01 09:27:00,0.7149220145710939
2025-01-01 09:28:00,0.5735525198911264
2025-01-01 09:29:00,0.7120839101515155
2025-01-01 09:30:00,0.654051255732671
2025-01-01 09:31:00,0.7096813399135636
2025-01-01 09:32:00,0.7211329482645202
2025-01-01 09:33:00,0.6440645643790202
2025-01-01 09:34:00,0.6522828381976797
2025-01-01 09:35:00,0.6211020820688395
2025-01-01 09:36:00,0.5935319255604833
2025-01-01 09:37:00,0.6585165951492513
2025-01-01 09:38:00,0.6320828395338107
2025-01-01 09:39:00,0.6907339552200557
2025-01-01 09:40:00,0.6354372053835059
2025-01-01 09:41:00,0.609717129128148
2025-01-01 09:42:00,0.6489412568379913
2025-01-01 09:43:00,0.6095508021705711
2025-01-01 09:44:00,0.7327242725911957
2025-01-01 09:45:00,0.5582727373192466
2025-01-01 09:46:00,0.718066040727608
2025-01-01 09:47:00,0.6874505154325067
2025-01-01 09:48:00,0.7210799075362081
2025-01-01 09:49:00,0.6396706507552167
2025-01-01 09:50:00,0.7065664626131634
2025-01-01 09:51:00,0.6826375008405281
2025-01-01 09:52:00,0.6265337924515862
2025-01-01 09:53:00,0.6400872962332141
2025-01-01 09:54:00,0.579765194989248
2025-01-01 09:55:00,0.6907978241577699
2025-01-01 09:56:00,0.6249644819580584
2025-01-01 09:57:00,0.725593792240382
2025-01-01 09:58:00,0.6871842801358947
2025-01-01 09:59:00,0.5844725244244755
2025-01-01 10:00:00,0.6641321635807733
2025-01-01 10:01:00,0.6038606212192876
2025-01-01 10:02:00,0.6787364392320867
2025-01-01 10:03:00,0.5552373408326774
2025-01-01 10:04:00,0.6156686000331348
2025-01-01 10:05:00,0.6810417725340306
2025-01-01 10:06:00,0.5275221961321513
2025-01-01 10:07:00,0.6400200717675416
2025-01-01 10:08:00,0.6917869520748016
2025-01-01 10:09:00,0.6580886876295898
2025-01-01 10:10:00,0.6133081633744903
2025-01-01 10:11:00,0.6185224883638245
2025-01-01 10:12:00,0.6136405379466453
2025-01-01 10:13:00,0.6400260724464344
2025-01-01 10:14:00,0.5883330891491316
2025-01-01 10:15:00,0.5023605989092896
2025-01-01 10:16:00,0.6790595041314619
2025-01-01 10:17:00,0.5663687229354881
2025-01-01 10:18:00,0.6044728526827899
2025-01-01 10:19:00,0.6738167430769875
2025-01-01 10:20:00,0.6191334607642691
2025-01-01 10:21:00,0.5977632916455695
2025-01-01 10:22:00,0.5808970634896683
2025-01-01 10:23:00,0.6134652214830133
2025-01-01 10:24:00,0.7455440016554298
2025-01-01 10:25:00,0.6229219873613692
2025-01-01 10:26:00,0.5902920464652329
2025-01-01 10:27:00,0.6833500233626214
2025-01-01 10:28:00,0.6667967435246563
2025-01-01 10:29:00,0.6428479894364888
2025-01-01 10:30:00,0.5609202239251471
2025-01-01 10:31:00,0.6682889455037402
2025-01-01 10:32:00,0.66251394198633
2025-01-01 10:33:00,0.5669197248341185
2025-01-01 10:34:00,0.640836449000127
2025-01-01 10:35:00,0.6106578297854273
2025-01-01 10:36:00,0.58453087072125
2025-01-01 10:37:00,0.6719918875392239
2025-01-01 10:38:00,0.5622137464700653
2025-01-01 10:39:00,0.5721218040449184
2025-01-01 10:40:00,0.6207916947841957
2025-01-01 10:41:00,0.5892448169513764
2025-01-01 10:42:00,0.6080194861797505
2025-01-01 10:43:00,0.6451345421115303
2025-01-01 10:44:00,0.6468342263729436
2025-01-01 10:45:00,0.5341003304070548
2025-01-01 10:46:00,0.6187622747247509
2025-01-01 10:47:00,0.6255800749349241
2025-01-01 10:48:00,0.6255573032360977
2025-01-01 10:49:00,0.5549545649878485
2025-01-01 10:50:00,0.5896624783830464
2025-01-01 10:51:00,0.6277252838710898
2025-01-01 10:52:00,0.6250722652987133
2025-01-01 10:53:00,0.5659152004169091
2025-01-01 10:54:00,0.6108541124562872
2025-01-01 10:55:00,0.5943846213269753
2025-01-01 10:56:00,0.4814472632244967
2025-01-01 10:57:00,0.49847280979595415
2025-01-01 10:58:00,0.5451473940239532
2025-01-01 10:59:00,0.6568679270206307
2025-01-01 11:00:00,0.556628231834981
2025-01-01 11:01:00,0.5051557576503644
2025-01-01 11:02:00,0.45775497524497366
2025-01-01 11:03:00,0.5265054216781492
2025-01-01 11:04:00,0.6102641206668644
2025-01-01 11:05:00,0.5694709949645103
2025-01-01 11:06:00,0.6264433174135702
2025-01-01 11:07:00,0.4880408523286319
2025-01-01 11:08:00,0.568265988843585
2025-01-01 11:09:00,0.48293157734297765
2025-01-01 11:10:00,0.6516650720449894
2025-01-01 11:11:00,0.5602348205156277
2025-01-01 11:12:00,0.5954074999739442
2025-01-01 11:13:00,0.5289216750384814
2025-01-01 11:14:00,0.5470691918466738
2025-01-01 11:15:00,0.5180209577538666
2025-01-01 11:16:00,0.5828988229341048
2025-01-01 11:17:00,0.5937738138874152
2025-01-01 11:18:00,0.6265306171978829
2025-01-01 11:19:00,0.5766148619525079
2025-01-01 11:20:00,0.537187180228949
2025-01-01 11:21:00,0.5018092018782052
2025-01-01 11:22:00,0.6113846260289321
2025-01-01 11:23:00,0.5847696145082836
2025-01-01 11:24:00,0.7174536895297017
2025-01-01 11:25:00,0.6883969886634401
2025-01-01 11:26:00,0.43144213983188573
2025-01-01 11:27:00,0.5149028889760866
2025-01-01 11:28:00,0.568804800573493
2025-01-01 11:29:00,0.5118134895118588
2025-01-01 11:30:00,0.5354537626887637
2025-01-01 11:31:00,0.39384364557461854
2025-01-01 11:32:00,0.6228642821735473
2025-01-01 11:33:00,0.5586185717915776
2025-01-01 11:34:00,0.4678921987747776
2025-01-01 11:35:00,0.5051445360765229
2025-01-01 11:36:00,0.513086965977496
2025-01-01 11:37:00,0.5361756009581043
2025-01-01 11:38:00,0.5937855673631136
2025-01-01 11:39:00,0.5174139576100761
2025-01-01 11:40:00,0.5127123102626199
2025-01-01 11:41:00,0.5660437872132735
2025-01-01 11:42:00,0.5329076973261936
2025-01-01 11:43:00,0.5624723037513143
2025-01-01 11:44:00,0.5011631385036251
2025-01-01 11:45:00,0.4913841061152848
2025-01-01 11:46:00,0.42668755266673136
2025-01-01 11:47:00,0.45143823975943626
2025-01-01 11:48:00,0.5635170001624212
2025-01-01 11:49:00,0.47042169755420987
2025-01-01 11:50:00,0.5360058483331874
2025-01-01 11:51:00,0.47081967236821287
2025-01-01 11:52:00,0.487421784778549
2025-01-01 11:53:00,0.525236733537885
2025-01-01 11:54:00,0.4414581006408047
2025-01-01 11:55:00,0.5269239126396738
2025-01-01 11:56:00,0.4509556926465138
2025-01-01 11:57:00,0.4884491610997578
2025-01-01 11:58:00,0.414420188621124
2025-01-01 11:59:00,0.5733022230978676
2025-01-01 12:00:00,0.49153046390697347
2025-01-01 12:01:00,0.5038066558068598
2025-01-01 12:02:00,0.5030236877399077
2025-01-01 12:03:00,0.4569536426104314
2025-01-01 12:04:00,0.5923659840072184
2025-01-01 12:05:00,0.46482791431848175
2025-01-01 12:06:00,0.4220687077286023
2025-01-01 12:07:00,0.3927118566526806
2025-01-01 12:08:00,0.5669027029702702
2025-01-01 12:09:00,0.5245677633789121
2025-01-01 12:10:00,0.5044001837171062
2025-01-01 12:11:00,0.517174067348825
2025-01-01 12:12:00,0.5031813554428194
2025-01-01 12:13:00,0.42876515946985244
2025-01-01 12:14:00,0.48681520998353434
2025-01-01 12:15:00,0.48566970560923883
2025-01-01 12:16:00,0.43766380625571255
2025-01-01 12:17:00,0.5040574059516776
2025-01-01 12:18:00,0.4704055530947745
2025-01-01 12:19:00,0.39968891367581294
2025-01-01 12:20:00,0.45912930201114055
2025-01-01 12:21:00,0.4970874936773805
2025-01-01 12:22:00,0.48381906332024605
2025-01-01 12:23:00,0.48608294295030996
2025-01-01 12:24:00,0.5429345079968054
2025-01-01 12:25:00,0.4687931333372394
2025-01-01 12:26:00,0.4197763361201245
2025-01-01 12:27:00,0.4465959838398662
2025-01-01 12:28:00,0.4529933405591365
2025-01-01 12:29:00,0.4881741810996954
2025-01-01 12:30:00,0.45427877246095955
2025-01-01 12:31:00,0.4598931430907352
2025-01-01 12:32:00,0.4767021536569515
2025-01-01 12:33:00,0.4254921357594236
2025-01-01 12:34:00,0.4515463567456163
2025-01-01 12:35:00,0.4280231887392325
2025-01-01 12:36:00,0.4193998354068345
2025-01-01 12:37:00,0.42451399703588366
2025-01-01 12:38:00,0.43752508846466936
2025-01-01 12:39:00,0.5072507929651822
2025-01-01 12:40:00,0.3915312931418979
2025-01-01 12:41:00,0.44198169311141977
2025-01-01 12:42:00,0.4725879449300669
2025-01-01 12:43:00,0.43198661366448926
2025-01-01 12:44:00,0.43930588768729123
2025-01-01 12:45:00,0.4020351639168942
2025-01-01 12:46:00,0.3784282731841975
2025-01-01 12:47:00,0.41803153747053445
2025-01-01 12:48:00,0.36572151665007924
2025-01-01 12:49:00,0.4466978947048743
2025-01-01 12:50:00,0.4854758941815509
2025-01-01 12:51:00,0.48864189259627083
2025-01-01 12:52:00,0.46115942938784954
2025-01-01 12:53:00,0.42054352075654805
2025-01-01 12:54:00,0.3923443765859742
2025-01-01 12:55:00,0.47792664747620195
2025-01-01 12:56:00,0.4246167595872857
2025-01-01 12:57:00,0.5198071836842836
2025-01-01 12:58:00,0.4376807105990806
2025-01-01 12:59:00,0.4930996763203487
2025-01-01 13:00:00,0.47391979067886036
2025-01-01 13:01:00,0.34286917572033715
2025-01-01 13:02:00,0.4990809661371907
2025-01-01 13:03:00,0.374231418899533
2025-01-01 13:04:00,0.4711779781475186
2025-01-01 13:05:00,0.4416668434091261
2025-01-01 13:06:00,0.3837483715261578
2025-01-01 13:07:00,0.359618171272102
2025-01-01 13:08:00,0.35060563668279726
2025-01-01 13:09:00,0.4379527182405243
2025-01-01 13:10:00,0.24657954395293893
2025-01-01 13:11:00,0.3904358713299346
2025-01-01 13:12:00,0.3785079878822894
2025-01-01 13:13:00,0.38559819036941995
2025-01-01 13:14:00,0.4419633564402668
2025-01-01 13:15:00,0.44690396421910417
2025-01-01 13:16:00,0.39760739538691386
2025-01-01 13:17:00,0.4368590089158937
2025-01-01 13:18:00,0.3647914897357207
2025-01-01 13:19:00,0.4093170503381598
2025-01-01 13:20:00,0.41035662002932544
2025-01-01 13:21:00,0.38911676788532507
2025-01-01 13:22:00,0.35427268872762596
2025-01-01 13:23:00,0.36926299298875537
2025-01-01 13:24:00,0.4310642906528505
2025-01-01 13:25:00,0.40962715877070066
2025-01-01 13:26:00,0.3626590069245674
2025-01-01 13:27:00,0.3665030559127397
2025-01-01 13:28:00,0.34156753770561077
2025-01-01 13:29:00,0.4135902547804971
2025-01-01 13:30:00,0.3896431795945817
2025-01-01 13:31:00,0.43777378891952
2025-01-01 13:32:00,0.40904524800827113
2025-01-01 13:33:00,0.38558114729904897
2025-01-01 13:34:00,0.40722127045917034
2025-01-01 13:35:00,0.4638533329963047
2025-01-01 13:36:00,0.3791558774345712
2025-01-01 13:37:00,0.36420362776121196
2025-01-01 13:38:00,0.3799953220470518
2025-01-01 13:39:00,0.28655127359134175
2025-01-01 13:40:00,0.3282663527802434
2025-01-01 13:41:00,0.44466345262750034
2025-01-01 13:42:00,0.39113762806972047
2025-01-01 13:43:00,0.3642605680874191
2025-01-01 13:44:00,0.36815729538097647
2025-01-01 13:45:00,0.37497586860914905
2025-01-01 13:46:00,0.32695839054502535
2025-01-01 13:47:00,0.3922905361682785
2025-01-01 13:48:00,0.3741623608566197
2025-01-01 13:49:00,0.3376622565670681
2025-01-01 13:50:00,0.4081278150572237
2025-01-01 13:51:00,0.37791346743821663
2025-01-01 13:52:00,0.36451095001742456
2025-01-01 13:53:00,0.37021869244474204
2025-01-01 13:54:00,0.34797070452446743
2025-01-01 13:55:00,0.3580273909520613
2025-01-01 13:56:00,0.3354867126398248
2025-01-01 13:57:00,0.3405623082216072
2025-01-01 13:58:00,0.32970132740801955
2025-01-01 13:59:00,0.4032640304076408
2025-01-01 14:00:00,0.3759973264143811
2025-01-01 14:01:00,0.3671314275987136
2025-01-01 14:02:00,0.3136819946631458
2025-01-01 14:03:00,0.38332241850565996
2025-01-01 14:04:00,0.330258023421815
2025-01-01 14:05:00,0.4368647495468241
2025-01-01 14:06:00,0.4863664177646798
2025-01-01 14:07:00,0.34335781856496556
2025-01-01 14:08:00,0.3272924985087294
2025-01-01 14:09:00,0.3726243597295608
2025-01-01 14:10:00,0.29297061944323755
2025-01-01 14:11:00,0.38171083898522584
2025-01-01 14:12:00,0.3497258473047699
2025-01-01 14:13:00,0.31142630198388166
2025-01-01 14:14:00,0.3386995733572964
2025-01-01 14:15:00,0.3700032503859311
2025-01-01 14:16:00,0.39340692406208544
2025-01-01 14:17:00,0.2879038502570483
2025-01-01 14:18:00,0.3709500187931318
2025-01-01 14:19:00,0.2990421035193452
2025-01-01 14:20:00,0.45205352807334626
2025-01-01 14:21:00,0.3562851303782042
2025-01-01 14:22:00,0.3543491617169968
2025-01-01 14:23:00,0.30031924039666014
2025-01-01 14:24:00,0.32140192026198017
2025-01-01 14:25:00,0.2955365912035804
2025-01-01 14:26:00,0.30126208444312796
2025-01-01 14:27:00,0.28362400922699754
2025-01-01 14:28:00,0.312629329212215
2025-01-01 14:29:00,0.26173693192174446
2025-01-01 14:30:00,0.28066251734186687
2025-01-01 14:31:00,0.21409197251253032
2025-01-01 14:32:00,0.3221647991146187
2025-01-01 14:33:00,0.3488723018986666
2025-01-01 14:34:00,0.38149330481909494
2025-01-01 14:35:00,0.34234812470815645
2025-01-01 14:36:00,0.4271101671256632
2025-01-01 14:37:00,0.30041513518514557
2025-01-01 14:38:00,0.3500337270517872
2025-01-01 14:39:00,0.32459023841276075
2025-01-01 14:40:00,0.20782680754197008
2025-01-01 14:41:00,0.3215331311363427
2025-01-01 14:42:00,0.3226258321123726
2025-01-01 14:43:00,0.2985422704906554
2025-01-01 14:44:00,0.2636044778936151
2025-01-01 14:45:00,0.33636420448728577
2025-01-01 14:46:00,0.2930940772582543
2025-01-01 14:47:00,0.3074707389164697
2025-01-01 14:48:00,0.37774531857208227
2025-01-01 14:49:00,0.4421406685869512
2025-01-01 14:50:00,0.29015722322738025
2025-01-01 14:51:00,0.34996839279973446
2025-01-01 14:52:00,0.2645065912694553
2025-01-01 14:53:00,0.2902165723025089
2025-01-01 14:54:00,0.3162037236947723
2025-01-01 14:55:00,0.3202388127645886
2025-01-01 14:56:00,0.2949059654439147
2025-01-01 14:57:00,0.2730181115899929
2025-01-01 14:58:00,0.17875017241629632
2025-01-01 14:59:00,0.24543248102579468
2025-01-01 15:00:00,0.372197975977016
2025-01-01 15:01:00,0.28117299299727433
2025-01-01 15:02:00,0.2505756886127833
2025-01-01 15:03:00,0.3181707151106228
2025-01-01 15:04:00,0.29992237476295314
2025-01-01 15:05:00,0.35593620439696083
2025-01-01 15:06:00,0.3249843118388338
2025-01-01 15:07:00,0.35227568393825814
2025-01-01 15:08:00,0.32844683950600817
2025-01-01 15:09:00,0.259926118127163
2025-01-01 15:10:00,0.3032032788058302
2025-01-01 15:11:00,0.3287997150047082
2025-01-01 15:12:00,0.29617035618639764
2025-01-01 15:13:00,0.24605774874105638
2025-01-01 15:14:00,0.25081782152499543
2025-01-01 15:15:00,0.2905927403167891
2025-01-01 15:16:00,0.3412530327538572
2025-01-01 15:17:00,0.2848109329232444
2025-01-01 15:18:00,0.27934289106054466
2025-01-01 15:19:00,0.2894894212572411
2025-01-01 15:20:00,0.21611832628617733
2025-01-01 15:21:00,0.312639813864394
2025-01-01 15:22:00,0.25849645442994584
2025-01-01 15:23:00,0.25057161219962204
2025-01-01 15:24:00,0.2103953785869337
2025-01-01 15:25:00,0.25524308998773537
2025-01-01 15:26:00,0.2452669196583347
2025-01-01 15:27:00,0.2655457044701707
2025-01-01 15:28:00,0.2382692975612352
2025-01-01 15:29:00,0.23979880224857633
2025-01-01 15:30:00,0.2630873256202381
2025-01-01 15:31:00,0.21501637805016008
2025-01-01 15:32:00,0.2418122761957316
2025-01-01 15:33:00,0.24285716627183465
2025-01-01 15:34:00,0.24132713809486564
2025-01-01 15:35:00,0.3269776643574301
2025-01-01 15:36:00,0.28116624986451777
2025-01-01 15:37:00,0.1799739960082024
2025-01-01 15:38:00,0.28091577789858707
2025-01-01 15:39:00,0.2689786965283394
2025-01-01 15:40:00,0.18235143354130046
2025-01-01 15:41:00,0.1615935218690528
2025-01-01 15:42:00,0.1853830894207858
2025-01-01 15:43:00,0.2320237604003117
2025-01-01 15:44:00,0.23398104904106906
2025-01-01 15:45:00,0.2663284297606462
2025-01-01 15:46:00,0.2594496429063926
2025-01-01 15:47:00,0.2763554240793842
2025-01-01 15:48:00,0.2371065640676755
2025-01-01 15:49:00,0.2678984226583181
2025-01-01 15:50:00,0.25278391134996514
2025-01-01 15:51:00,0.23817044942747095
2025-01-01 15:52:00,0.21884100733772793
2025-01-01 15:53:00,0.2754848960728603
2025-01-01 15:54:00,0.2523403434228705
2025-01-01 15:55:00,0.32246064088508236
2025-01-01 15:56:00,0.2462078028182522
2025-01-01 15:57:00,0.2230817850694144
2025-01-01 15:58:00,0.2122957604295621
2025-01-01 15:59:00,0.23011198624607365
2025-01-01 16:00:00,0.23622558571236033
2025-01-01 16:01:00,0.269760177277912
2025-01-01 16:02:00,0.2606412636603648
2025-01-01 16:03:00,0.2497231982265212
2025-01-01 16:04:00,0.23372344257667557
2025-01-01 16:05:00,0.3031305116246824
2025-01-01 16:06:00,0.2754901867812511
2025-01-01 16:07:00,0.2394233736346024
2025-01-01 16:08:00,0.26132623299273045
2025-01-01 16:09:00,0.21857099888287873
2025-01-01 16:10:00,0.20394889207904113
2025-01-01 16:11:00,0.2479608457169721
2025-01-01 16:12:00,0.221064188286237
2025-01-01 16:13:00,0.1294301006238492
2025-01-01 16:14:00,0.17307752840313206
2025-01-01 16:15:00,0.17988035848829179
2025-01-01 16:16:00,0.23008878254148443
2025-01-01 16:17:00,0.23464071396058106
2025-01-01 16:18:00,0.2266416893313506
2025-01-01 16:19:00,0.17825860030148633
2025-01-01 16:20:00,0.27510758073626845
2025-01-01 16:21:00,0.23668121047911456
2025-01-01 16:22:00,0.22935789459564543
2025-01-01 16:23:00,0.20031071289200958
2025-01-01 16:24:00,0.17869776989977326
2025-01-01 16:25:00,0.16590566467678014
2025-01-01 16:26:00,0.1796575344261041
2025-01-01 16:27:00,0.1979812777336331
2025-01-01 16:28:00,0.23889567783462848
2025-01-01 16:29:00,0.25995143086359557
2025-01-01 16:30:00,0.22091133267263716
2025-01-01 16:31:00,0.35585828562805333
2025-01-01 16:32:00,0.25653083350643097
2025-01-01 16:33:00,0.14579202364499333
2025-01-01 16:34:00,0.24622183293949132
2025-01-01 16:35:00,0.23483321986925398
2025-01-01 16:36:00,0.3372910061035195
2025-01-01 16:37:00,0.19778723099586648
2025-01-01 16:38:00,0.2389635215479623
2025-01-01 16:39:00,0.2646108796040444
2025-01-01 16:40:00,0.11466981884117185
2025-01-01 16:41:00,0.29255130325751216
2025-01-01 16:42:00,0.22738682060079568
2025-01-01 16:43:00,0.24884068516009436
2025-01-01 16:44:00,0.27105440865061337
2025-01-01 16:45:00,0.23299393054187306
2025-01-01 16:46:00,0.17386477239098724
2025-01-01 16:47:00,0.31038916682564377
2025-01-01 16:48:00,0.2861706751865427
2025-01-01 16:49:00,0.19874208819104983
2025-01-01 16:50:00,0.18476238288752003
2025-01-01 16:51:00,0.2168179667738293
2025-01-01 16:52:00,0.29272809937379257
2025-01-01 16:53:00,0.1933962414393078
2025-01-01 16:54:00,0.21238801239599084
2025-01-01 16:55:00,0.28510015536201944
2025-01-01 16:56:00,0.19996887843373037
2025-01-01 16:57:00,0.24823637915177485
2025-01-01 16:58:00,0.20609070260711695
2025-01-01 16:59:00,0.23290876590527915
2025-01-01 17:00:00,0.3250320690387907
2025-01-01 17:01:00,0.28714549271057727
2025-01-01 17:02:00,0.2839390887086671
2025-01-01 17:03:00,0.23082829199981744
2025-01-01 17:04:00,0.2094116791605816
2025-01-01 17:05:00,0.2672351182024345
2025-01-01 17:06:00,0.3222958474379677
2025-01-01 17:07:00,0.2223659601070725
2025-01-01 17:08:00,0.13390837072446943
2025-01-01 17:09:00,0.1844032936069167
2025-01-01 17:10:00,0.18390600005808785
2025-01-01 17:11:00,0.21862401542501958
2025-01-01 17:12:00,0.12926742105802091
2025-01-01 17:13:00,0.31076139659646373
2025-01-01 17:14:00,0.2297043249414069
2025-01-01 17:15:00,0.18112642448338664
2025-01-01 17:16:00,0.16976053154314727
2025-01-01 17:17:00,0.13947589470786081
2025-01-01 17:18:00,0.13326430381628313
2025-01-01 17:19:00,0.17022665624737038
2025-01-01 17:20:00,0.16317238944369045
2025-01-01 17:21:00,0.24323505323886077
2025-01-01 17:22:00,0.2910232689152615
2025-01-01 17:23:00,0.20218380732733587
2025-01-01 17:24:00,0.14755689769183908
2025-01-01 17:25:00,0.2148252136500972
2025-01-01 17:26:00,0.1722117952491075
2025-01-01 17:27:00,0.21171515499950327
2025-01-01 17:28:00,0.13329513723106765
2025-01-01 17:29:00,0.2416462972412307
2025-01-01 17:30:00,0.2294893447471353
2025-01-01 17:31:00,0.2260313241551462
2025-01-01 17:32:00,0.24896321077321704
2025-01-01 17:33:00,0.1515073513653591
2025-01-01 17:34:00,0.33875597256702095
2025-01-01 17:35:00,0.22635316826343085
2025-01-01 17:36:00,0.18378058406779346
2025-01-01 17:37:00,0.15366189359512897
2025-01-01 17:38:00,0.1503720672435145
2025-01-01 17:39:00,0.26443178887792046
2025-01-01 17:40:00,0.22546625064203524
2025-01-01 17:41:00,0.171427748576559
2025-01-01 17:42:00,0.13579608696506607
2025-01-01 17:43:00,0.22791061383377323
2025-01-01 17:44:00,0.2695270398364966
2025-01-01 17:45:00,0.17511290986983266
2025-01-01 17:46:00,0.23760551349132467
2025-01-01 17:47:00,0.16671611088124783
2025-01-01 17:48:00,0.20195596363970816
2025-01-01 17:49:00,0.09463272091247356
2025-01-01 17:50:00,0.15197004151831445
2025-01-01 17:51:00,0.16743065676074573
2025-01-01 17:52:00,0.2316450066236711
2025-01-01 17:53:00,0.0944630441363821
2025-01-01 17:54:00,0.19988207303840963
2025-01-01 17:55:00,0.1642373509454479
2025-01-01 17:56:00,0.2349360380281936
2025-01-01 17:57:00,0.23600188197878016
2025-01-01 17:58:00,0.22167382807304473
2025-01-01 17:59:00,0.19853502343736293
2025-01-01 18:00:00,0.14225619357471259
2025-01-01 18:01:00,0.09504705598537586
2025-01-01 18:02:00,0.20172578486392456
2025-01-01 18:03:00,0.14835140865839597
2025-01-01 18:04:00,0.203348263210137
2025-01-01 18:05:00,0.12330166360078276
2025-01-01 18:06:00,0.14659943988023763
2025-01-01 18:07:00,0.1924749421484475
2025-01-01 18:08:00,0.202577113417932
2025-01-01 18:09:00,0.277251433485627
2025-01-01 18:10:00,0.07891011423364681
2025-01-01 18:11:00,0.12048387138876283
2025-01-01 18:12:00,0.21939554172815645
2025-01-01 18:13:00,0.1866884813899644
2025-01-01 18:14:00,0.2092127350323177
2025-01-01 18:15:00,0.13877739838275485
2025-01-01 18:16:00,0.21877700274749837
2025-01-01 18:17:00,0.19871557628257994
2025-01-01 18:18:00,0.1897636685247577
2025-01-01 18:19:00,0.2260818657671938
2025-01-01 18:20:00,0.18240009634460796
2025-01-01 18:21:00,0.19243482408688264
2025-01-01 18:22:00,0.22786332886997118
2025-01-01 18:23:00,0.18152577970126219
2025-01-01 18:24:00,0.2196972609391511
2025-01-01 18:25:00,0.1467647876184571
2025-01-01 18:26:00,0.27884101892114305
2025-01-01 18:27:00,0.21336989082870922
2025-01-01 18:28:00,0.25445555175917334
2025-01-01 18:29:00,0.21029056602125623
2025-01-01 18:30:00,0.19992824761756114
2025-01-01 18:31:00,0.2189850585031544
2025-01-01 18:32:00,0.1734173745885127
2025-01-01 18:33:00,0.2254192348682585
2025-01-01 18:34:00,0.1800093000732701
2025-01-01 18:35:00,0.20202225905118001
2025-01-01 18:36:00,0.23240180997439222
2025-01-01 18:37:00,0.18834993663467947
2025-01-01 18:38:00,0.2564791214025272
2025-01-01 18:39:00,0.2212019465436649
2025-01-01 18:40:00,0.20012801271495526
2025-01-01 18:41:00,0.17949308381963358
2025-01-01 18:42:00,0.11448115046438367
2025-01-01 18:43:00,0.10413763716668269
2025-01-01 18:44:00,0.1937651453546265
2025-01-01 18:45:00,0.229876779898871
2025-01-01 18:46:00,0.3668424856369954
2025-01-01 18:47:00,0.09256967870021222
2025-01-01 18:48:00,0.17197233032846707
2025-01-01 18:49:00,0.24722678923685254
2025-01-01 18:50:00,0.12264278753462807
2025-01-01 18:51:00,0.22198924016124738
2025-01-01 18:52:00,0.16128829675216272
2025-01-01 18:53:00,0.22104460070631654
2025-01-01 18:54:00,0.17916012552333227
2025-01-01 18:55:00,0.23201327114981585
2025-01-01 18:56:00,0.09880184716093164
2025-01-01 18:57:00,0.1880759232293008
2025-01-01 18:58:00,0.21813836924747626
2025-01-01 18:59:00,0.12633760528038046
2025-01-01 19:00:00,0.2294614010234899
2025-01-01 19:01:00,0.21256946278538916
2025-01-01 19:02:00,0.25792213780764284
2025-01-01 19:03:00,0.22116839162312107
2025-01-01 19:04:00,0.26388140877066
2025-01-01 19:05:00,0.19305300404983114
2025-01-01 19:06:00,0.1887758832234646
2025-01-01 19:07:00,0.21142481571799404
2025-01-01 19:08:00,0.20053297914486398
2025-01-01 19:09:00,0.15097020194900165
2025-01-01 19:10:00,0.17630778558690272
2025-01-01 19:11:00,0.2513723477872626
2025-01-01 19:12:00,0.17730752414746803
2025-01-01 19:13:00,0.24558691923020487
2025-01-01 19:14:00,0.22508702100348116
2025-01-01 19:15:00,0.22460591977971398
2025-01-01 19:16:00,0.21525534559718962
2025-01-01 19:17:00,0.23354928173662046
2025-01-01 19:18:00,0.19591723265295896
2025-01-01 19:19:00,0.2141585133785459
2025-01-01 19:20:00,0.2151691097502366
2025-01-01 19:21:00,0.2120416180802372
2025-01-01 19:22:00,0.190849802529137
2025-01-01 19:23:00,0.16057976409357927
2025-01-01 19:24:00,0.21022881289765338
2025-01-01 19:25:00,0.27512794183745976
2025-01-01 19:26:00,0.13948051197688227
2025-01-01 19:27:00,0.20304985768772554
2025-01-01 19:28:00,0.23998710057195569
2025-01-01 19:29:00,0.18404892986476215
2025-01-01 19:30:00,0.3097395022380612
2025-01-01 19:31:00,0.18808523114051054
2025-01-01 19:32:00,0.14848990106781979
2025-01-01 19:33:00,0.16860038742176178
2025-01-01 19:34:00,0.20845778669640427
2025-01-01 19:35:00,0.20840313920389616
2025-01-01 19:36:00,0.20322535905707603
2025-01-01 19:37:00,0.12121376942974622
2025-01-01 19:38:00,0.27633100216051537
2025-01-01 19:39:00,0.2625369430359791
2025-01-01 19:40:00,0.29521223411437747
2025-01-01 19:41:00,0.26616261215854276
2025-01-01 19:42:00,0.27530166777166315
2025-01-01 19:43:00,0.2589685142915944
2025-01-01 19:44:00,0.27129929580172174
2025-01-01 19:45:00,0.20673858061388664
2025-01-01 19:46:00,0.2763898428594254
2025-01-01 19:47:00,0.20316149681731221
2025-01-01 19:48:00,0.27901209587633796
2025-01-01 19:49:00,0.2310251392963607
2025-01-01 19:50:00,0.18815852525005855
2025-01-01 19:51:00,0.28435219708011406
2025-01-01 19:52:00,0.21928799178540653
2025-01-01 19:53:00,0.29783683603267574
2025-01-01 19:54:00,0.2252746362238865
2025-01-01 19:55:00,0.2635846675805404
2025-01-01 19:56:00,0.29077369637018036
2025-01-01 19:57:00,0.22607417419829157
2025-01-01 19:58:00,0.23954326372258813
2025-01-01 19:59:00,0.31275705953111765
2025-01-01 20:00:00,0.1749637390572787
2025-01-01 20:01:00,0.22373155115319984
2025-01-01 20:02:00,0.23272619625498456
2025-01-01 20:03:00,0.26952364244903176
2025-01-01 20:04:00,0.29867255728559977
2025-01-01 20:05:00,0.2821052552802431
2025-01-01 20:06:00,0.27765066160711127
2025-01-01 20:07:00,0.246866866934953
2025-01-01 20:08:00,0.2404000402200621
2025-01-01 20:09:00,0.3129952675457082
2025-01-01 20:10:00,0.1705174701754288
2025-01-01 20:11:00,0.18002095623593917
2025-01-01 20:12:00,0.13422032027905928
2025-01-01 20:13:00,0.2515481770573762
2025-01-01 20:14:00,0.09579618549528973
2025-01-01 20:15:00,0.29402155131780633
2025-01-01 20:16:00,0.14054219011310187
2025-01-01 20:17:00,0.1257807540649077
2025-01-01 20:18:00,0.2215848451122991
2025-01-01 20:19:00,0.23520939467305413
2025-01-01 20:20:00,0.27332010586249644
2025-01-01 20:21:00,0.27450574026555774
2025-01-01 20:22:00,0.11756922905431519
2025-01-01 20:23:00,0.19599302660658327
2025-01-01 20:24:00,0.19738722426750865
2025-01-01 20:25:00,0.23607114408989635
2025-01-01 20:26:00,0.3047141444082083
2025-01-01 20:27:00,0.1734251814614798
2025-01-01 20:28:00,0.32205259681770826
2025-01-01 20:29:00,0.27319158103087965
2025-01-01 20:30:00,0.2684753775970906
2025-01-01 20:31:00,0.17971177794342263
2025-01-01 20:32:00,0.2920483995867194
2025-01-01 20:33:00,0.2467148498802317
2025-01-01 20:34:00,0.31021578926193405
2025-01-01 20:35:00,0.2363404631889816
2025-01-01 20:36:00,0.2839672732091541
2025-01-01 20:37:00,0.24071794866854787
2025-01-01 20:38:00,0.2554856866530679
2025-01-01 20:39:00,0.2420588308986199
2025-01-01 20:40:00,0.2844132207341158
2025-01-01 20:41:00,0.28360496847911476
2025-01-01 20:42:00,0.3067866041758542
2025-01-01 20:43:00,0.20745339866716547
2025-01-01 20:44:00,0.2466185872367888
2025-01-01 20:45:00,0.3005121482671652
2025-01-01 20:46:00,0.23344548091293055
2025-01-01 20:47:00,0.27759047143130966
2025-01-01 20:48:00,0.250144318176595
2025-01-01 20:49:00,0.23880848647069947
2025-01-01 20:50:00,0.2935763636166366
2025-01-01 20:51:00,0.3484993589813498
2025-01-01 20:52:00,0.3342407949082752
2025-01-01 20:53:00,0.34116685127414453
2025-01-01 20:54:00,0.21329309158197635
2025-01-01 20:55:00,0.20428791869851476
2025-01-01 20:56:00,0.2842439952335552
2025-01-01 20:57:00,0.26286437271384183
2025-01-01 20:58:00,0.20591125892585072
2025-01-01 20:59:00,0.23816299035616598
2025-01-01 21:00:00,0.3161883428840509
2025-01-01 21:01:00,0.23274483589426245
2025-01-01 21:02:00,0.2947714879886342
2025-01-01 21:03:00,0.2969259203146015
2025-01-01 21:04:00,0.2731175936373422
2025-01-01 21:05:00,0.27302850570629517
2025-01-01 21:06:00,0.34459962850653464
2025-01-01 21:07:00,0.22722138877415768
2025-01-01 21:08:00,0.2717326072278126
2025-01-01 21:09:00,0.35762204196465075
2025-01-01 21:10:00,0.3667504246319037
2025-01-01 21:11:00,0.35741919905132097
2025-01-01 21:12:00,0.27872158885560067
2025-01-01 21:13:00,0.34783839961911683
2025-01-01 21:14:00,0.28575302319716644
2025-01-01 21:15:00,0.2581671500356241
2025-01-01 21:16:00,0.3272619088407081
2025-01-01 21:17:00,0.3411665574086132
2025-01-01 21:18:00,0.3081858932693542
2025-01-01 21:19:00,0.37100116979517606
2025-01-01 21:20:00,0.26958583907828315
2025-01-01 21:21:00,0.2244168186231767
2025-01-01 21:22:00,0.349942491341102
2025-01-01 21:23:00,0.35471360602523694
2025-01-01 21:24:00,0.2563757285174971
2025-01-01 21:25:00,0.350367369016539
2025-01-01 21:26:00,0.39466036171172786
2025-01-01 21:27:00,0.2797541697996371
2025-01-01 21:28:00,0.32839964671238653
2025-01-01 21:29:00,0.32336595920318
2025-01-01 21:30:00,0.30102850757058097
2025-01-01 21:31:00,0.3203602121978021
2025-01-01 21:32:00,0.28848961501332177
2025-01-01 21:33:00,0.32488137805221057
2025-01-01 21:34:00,0.3445879684680438
2025-01-01 21:35:00,0.3698606631348859
2025-01-01 21:36:00,0.34458729083768147
2025-01-01 21:37:00,0.3312431741319848
2025-01-01 21:38:00,0.30090926803113077
2025-01-01 21:39:00,0.37303615432175485
2025-01-01 21:40:00,0.31394769202079725
2025-01-01 21:41:00,0.2913713258825311
2025-01-01 21:42:00,0.34785708593770337
2025-01-01 21:43:00,0.3469394548612023
2025-01-01 21:44:00,0.3518257662918106
2025-01-01 21:45:00,0.3838302459027079
2025-01-01 21:46:00,0.2733402189130212
2025-01-01 21:47:00,0.3977421089087053
2025-01-01 21:48:00,0.41458752387268455
2025-01-01 21:49:00,0.37879326041686084
2025-01-01 21:50:00,0.3674685669149689
2025-01-01 21:51:00,0.38149159918481285
2025-01-01 21:52:00,0.3634507913240561
2025-01-01 21:53:00,0.3506471085722209
2025-01-01 21:54:00,0.3985474233868135
2025-01-01 21:55:00,0.40185209774467334
2025-01-01 21:56:00,0.343287382828414
2025-01-01 21:57:00,0.3906385806776761
2025-01-01 21:58:00,0.4106468079186434
2025-01-01 21:59:00,0.280657351765713
2025-01-01 22:00:00,0.27442149289187434
2025-01-01 22:01:00,0.4163197339862032
2025-01-01 22:02:00,0.3073591129808825
2025-01-01 22:03:00,0.25465739513075897
2025-01-01 22:04:00,0.38260032610623257
2025-01-01 22:05:00,0.3984207612262337
2025-01-01 22:06:00,0.40382143094883005
2025-01-01 22:07:00,0.2989564871209812
2025-01-01 22:08:00,0.369328771292349
2025-01-01 22:09:00,0.37083587144727786
2025-01-01 22:10:00,0.3562172236800608
2025-01-01 22:11:00,0.34070943310399704
2025-01-01 22:12:00,0.37555633812325107
2025-01-01 22:13:00,0.35492913991549735
2025-01-01 22:14:00,0.381978572368788
2025-01-01 22:15:00,0.34833670088739865
2025-01-01 22:16:00,0.4221381957919625
2025-01-01 22:17:00,0.41495373408293973
2025-01-01 22:18:00,0.42189275575602053
2025-01-01 22:19:00,0.44989591210598373
2025-01-01 22:20:00,0.348010042696804
2025-01-01 22:21:00,0.3633352172963392
2025-01-01 22:22:00,0.36479870810493337
2025-01-01 22:23:00,0.3492288404312468
2025-01-01 22:24:00,0.3966563246398465
2025-01-01 22:25:00,0.49765589003750477
2025-01-01 22:26:00,0.4081793629688914
2025-01-01 22:27:00,0.3249728770979787
2025-01-01 22:28:00,0.41723509012662996
2025-01-01 22:29:00,0.36251208788872724
2025-01-01 22:30:00,0.40954014164069114
2025-01-01 22:31:00,0.379573682184755
2025-01-01 22:32:00,0.3346459933391262
2025-01-01 22:33:00,0.3366572478702032
2025-01-01 22:34:00,0.511361493086431
2025-01-01 22:35:00,0.3296513840144523
2025-01-01 22:36:00,0.2546478013120245
2025-01-01 22:37:00,0.42700685346184764
2025-01-01 22:38:00,0.38166488124250075
2025-01-01 22:39:00,0.35997871352257416
2025-01-01 22:40:00,0.3347891902242788
2025-01-01 22:41:00,0.3661204974147864
2025-01-01 22:42:00,0.2670606957017211
2025-01-01 22:43:00,0.5068127971577406
2025-01-01 22:44:00,0.420422939270457
2025-01-01 22:45:00,0.4061474365432888
2025-01-01 22:46:00,0.4631237753416308
2025-01-01 22:47:00,0.393588834751633
2025-01-01 22:48:00,0.4086594914603097
2025-01-01 22:49:00,0.3561050346920205
2025-01-01 22:50:00,0.4915561729831389
2025-01-01 22:51:00,0.4072805615909989
2025-01-01 22:52:00,0.4392903334708471
2025-01-01 22:53:00,0.4246492235144789
2025-01-01 22:54:00,0.38626397079859526
2025-01-01 22:55:00,0.47518767016425384
2025-01-01 22:56:00,0.40814708179083503
2025-01-01 22:57:00,0.335672322792031
2025-01-01 22:58:00,0.37829314202111874
2025-01-01 22:59:00,0.44416376087825327
2025-01-01 23:00:00,0.4483079402576881
2025-01-01 23:01:00,0.42128048821171254
2025-01-01 23:02:00,0.3749706036346018
2025-01-01 23:03:00,0.3808536485476981
2025-01-01 23:04:00,0.5264272246301934
2025-01-01 23:05:00,0.42836978460574787
2025-01-01 23:06:00,0.47024066239591766
2025-01-01 23:07:00,0.41688178140865756
2025-01-01 23:08:00,0.5100212164067081
2025-01-01 23:09:00,0.41295159031890327
2025-01-01 23:10:00,0.4510795460404496
2025-01-01 23:11:00,0.48684225619762744
2025-01-01 23:12:00,0.4442494861620449
2025-01-01 23:13:00,0.5155160450397918
2025-01-01 23:14:00,0.4576906368161837
2025-01-01 23:15:00,0.49098997017509566
2025-01-01 23:16:00,0.495521741659256
2025-01-01 23:17:00,0.4618098932820953
2025-01-01 23:18:00,0.4377099993846137
2025-01-01 23:19:00,0.4472248261095538
2025-01-01 23:20:00,0.4413329253998691
2025-01-01 23:21:00,0.4338365152505602
2025-01-01 23:22:00,0.4741442829299025
2025-01-01 23:23:00,0.47956029710819403
2025-01-01 23:24:00,0.4159665069030919
2025-01-01 23:25:00,0.44687021145016337
2025-01-01 23:26:00,0.5024932813153921
2025-01-01 23:27:00,0.46257768135816474
2025-01-01 23:28:00,0.5475678203433896
2025-01-01 23:29:00,0.554801028112654
2025-01-01 23:30:00,0.5373705148646154
2025-01-01 23:31:00,0.4792656668096409
2025-01-01 23:32:00,0.5084536799063964
2025-01-01 23:33:00,0.5133481201974128
2025-01-01 23:34:00,0.5083728513869165
2025-01-01 23:35:00,0.49313539582909155
2025-01-01 23:36:00,0.4554083593293225
2025-01-01 23:37:00,0.5361676269291236
2025-01-01 23:38:00,0.43171390867074416
2025-01-01 23:39:00,0.5623373112477548
2025-01-01 23:40:00,0.47143347247165057
2025-01-01 23:41:00,0.4863520196190113
2025-01-01 23:42:00,0.42192691090973045
2025-01-01 23:43:00,0.5536352614071998
2025-01-01 23:44:00,0.4258068834446431
2025-01-01 23:45:00,0.47120636123425974
2025-01-01 23:46:00,0.49070247634068564
2025-01-01 23:47:00,0.425679243079337
2025-01-01 23:48:00,0.48667932963996874
2025-01-01 23:49:00,0.44055784440251183
2025-01-01 23:50:00,0.4562471756819494
2025-01-01 23:51:00,0.5411057565652924
2025-01-01 23:52:00,0.44205101680670156
2025-01-01 23:53:00,0.4898861743788222
2025-01-01 23:54:00,0.46776884215150677
2025-01-01 23:55:00,0.4545806462700514
2025-01-01 23:56:00,0.43041313242167745
2025-01-01 23:57:00,0.48871856429579613
2025-01-01 23:58:00,0.6067762215318916
2025-01-01 23:59:00,0.42157577382531913
